<?xml version="1.0" encoding="UTF-8"?>
<!DOCTYPE sqlMapConfig
	PUBLIC "-//ibatis.apache.org//DTO SQL Map Config 2.0//EN"
	"http://ibatis.apache.org/dtd/sql-map-config-2.dtd">
	<!-- 위 부분은 똑같이 써야함 -->
	
<sqlMapConfig>
	<!-- 
		DB와 연결하는 정보를 properties파일에 설정해 놓고 이 properties파일의 내용을 읽어와 설정한다.
	 -->
	 <properties resource="dbinfo.properties"/>
	 
	 <!-- ibatis가 실행될 때 필요한 여러가지 옵션 설정하기 -->
	 <!-- 보통 : maxRequests >= maxSessions >= maxTransactions 순으로 커야함-->
	 <settings cacheModelsEnabled="true" enhancementEnabled="true" lazyLoadingEnabled="true" maxRequests="128" maxSessions="64" maxTransactions="16" useStatementNamespaces="true"/>

	<!-- 우경(처방전) -->
	 <typeAlias alias="mem_inboxVo" type="yaksa.member.vo.prescription.Mem_InboxVO"/>	 
	 <typeAlias alias="phar_inboxVo" type="yaksa.member.vo.prescription.Phar_InboxVO"/>	 
	 
	 <!-- 준우(마이페이지) -->
	  <typeAlias alias="MemVo" type="yaksa.member.vo.mypage.MemVo"/>	 
	 
	 
	 <!-- 아름(로그인) -->
<!-- 	 <typeAlias alias="phar_inboxVo" type="yaksa.member.vo.join.calDateVO"/>	 --> 
	 <typeAlias alias="calVo" type="yaksa.member.vo.join.CalendarVO"/>	 
	 <typeAlias alias="sessionVo" type="yaksa.member.vo.join.SessionVO"/>	 
	 <typeAlias alias="memberVO" type="yaksa.member.vo.join.MemberVO"/>	 
 
	 
	 
	 <!-- DB와 연동하기 ==> 위에서 읽어온 properties파일의 내용으로 설정한다.-->
	 <transactionManager type="JDBC">
	 	<dataSource type="SIMPLE">
	 		<property name="JDBC.Driver" value="${driver}"/>
	 		<property name="JDBC.ConnectionURL" value="${url}"/>
	 		<property name="JDBC.Username" value="${user}"/>
	 		<property name="JDBC.Password" value="${pass}"/>
	 	</dataSource>
	 </transactionManager>
	 
	<!-- 우경(처방전) -->
	  <sqlMap resource="yaksa/member/ibatis/prescription/member.xml"/>
	  
	  <!-- 준우(마이페이지) -->
	 <sqlMap resource="yaksa/member/ibatis/mypage/mem.xml"/>
	 
	<!-- 아름(로그인) -->
	  <sqlMap resource="yaksa/member/ibatis/join/MemberJoin.xml"/>
	  <!-- <sqlMap resource="yaksa/member/ibatis/join/calendar.xml"/> -->

</sqlMapConfig>