<?xml version="1.0" encoding="UTF-8"?>
<!DOCTYPE sqlMap
	PUBLIC "-//ibatis.apache.org//DTD SQL Map 2.0//EN"
	"http://ibatis.apache.org/dtd/sql-map-2.dtd">
	
<sqlMap namespace = "chemist">

	<insert id = "addPharm" parameterClass = "ChemistVO">
		insert into pharmacy (pharm_id, pharm_chname, pharm_name, pharm_pw, pharm_regno1, pharm_regno2, pharm_email1, pharm_email2, pharm_license_num, pharm_corpor_num, pharm_zip_code, pharm_add1, pharm_add2, pharm_tel)
		values (#pharm_id#, #pharm_chname#, #pharm_name#, #pharm_pw#, #pharm_regno1#, #pharm_regno2#, #pharm_email1#, #pharm_email2#, #pharm_license_num#, #pharm_corpor_num#, #pharm_zip_code#, #pharm_add1#, #pharm_add2#, #pharm_tel#)
	</insert>
	
	<select id="SelectChemist" resultClass = "int" parameterClass="String">
		select count(*) pharm_id from pharmacy where pharm_id = #pharm_id#
	</select>
	
	<select id = "SearchPharmName" resultClass = "int" parameterClass = "String">
		select count(*) pharm_name from pharmacy where pharm_name = #pharm_name#
	</select>
	
	<select id = "SearchNameChemist" resultClass = "int" parameterClass = "String">
		select count(*) pharm_chname from pharmacy where pharm_chname = #pharm_chname#
	</select>
	
	<select id = "SerchRegChemist" resultClass = "int" parameterClass = "String">
		select count(*) pharm_corpor_num from pharmacy where pharm_corpor_num = #pharm_corpor_num#
	</select>
	
	<select id = "LoginChemist" resultClass = "int" parameterClass = "String">
		select count(*) pharm_pw from pharmacy where pharm_pw = #pharm_pw#
	</select>
	
	<update id = "updateZipNum" parameterClass="ChemistVO">
		update pharmacy set pharm_zip_code = #pharm_zip_code#, pharm_add1 = #pharm_add1# where pharm_id = #pharm_id#
	</update>
	
	<select id = "getChemist" resultClass = "ChemistVO" parameterClass = "map">
		select * from pharmacy where pharm_pw=#pharm_pw# and pharm_id=#pharm_id#
	</select>
	
	<select id = "SearchChemistId" resultClass = "ChemistVO" parameterClass = "map">
		select * from pharmacy where pharm_chname = #pharm_chname# and pharm_name = #pharm_name# and pharm_email1 = #pharm_email1# and pharm_corpor_num = #pharm_corpor_num#
	</select>
	
</sqlMap>
	
	